rows,cols,iters,wrap,lx,ly,h2d_ms,kernel_ms,d2h_ms,total_ms,tiled
1024,1024,1000,0,16,16,0.085133,251.222925,0.093741,251.401798,0
1024,1024,1000,1,16,16,0.085178,252.857869,0.093651,253.036698,0
1024,1024,1000,0,16,16,0.084896,119.729203,0.093728,119.907827,1
1024,1024,1000,1,16,16,0.084998,129.972013,0.088627,130.145638,1
2048,2048,500,0,16,16,0.436870,497.045843,0.475411,497.958125,0
2048,2048,500,1,16,16,0.497786,496.235891,0.510637,497.244314,0
2048,2048,500,0,16,16,0.435731,251.587866,0.505504,252.529101,1
2048,2048,500,1,16,16,0.464160,254.835200,0.526720,255.826080,1
